{
  "euthanasia": {
    "n": 132,
    "balance": 0.5833333333333334
  },
  "fssocsec": {
    "n": 132,
    "balance": 0.36363636363636365
  },
  "fswelfare": {
    "n": 132,
    "balance": 0.44696969696969696
  },
  "jobguar": {
    "n": 132,
    "balance": 0.5378787878787878
  },
  "marijuana": {
    "n": 132,
    "balance": 0.5227272727272727
  },
  "toomucheqrights": {
    "n": 132,
    "balance": 0.5606060606060606
  }
}