Category,F1 Score
gender_1,0.6314785373608903
ethnicity_1,0.6829710144927537
fbprivacy_1,0.6761133603238867
gaymarriage_6,0.8444444444444444
engnative_1,0.6822016874246686
pincome_1,0.7083333333333333
"momed_1, daded_1",0.5804195804195804
"momrelig_1, dadrelig_1",0.6503884572697003
