Category,F1 Score
gender_1,0.6142728093947606
ethnicity_1,0.6195652173913043
fbprivacy_1,0.6190476190476191
gaymarriage_6,0.8444444444444444
engnative_1,0.6771428571428572
pincome_1,0.7083333333333333
"momed_1, daded_1",0.5804195804195804
"momrelig_1, dadrelig_1",0.5578231292517006
