Category,F1 Score
gender_1,0.6729896907216495
ethnicity_1,0.5304437564499485
fbprivacy_1,0.6190476190476191
gaymarriage_6,0.5961538461538461
engnative_1,0.7291095890410959
pincome_1,0.9181286549707601
"momed_1, daded_1",0.5901328273244781
"momrelig_1, dadrelig_1",0.668560606060606
