Category,F1 Score
gender_1,0.5829915231063714
ethnicity_1,0.43287037037037035
fbprivacy_1,0.6
gaymarriage_6,0.5333333333333333
engnative_1,0.6371681415929203
pincome_1,0.6888888888888889
"momed_1, daded_1",0.6950998185117967
"momrelig_1, dadrelig_1",0.4950055493895672
