Category,F1 Score
gender_1,0.7665587282896673
ethnicity_1,0.7822222222222222
fbprivacy_1,0.75
gaymarriage_6,0.6181818181818182
engnative_1,0.7148555148555149
pincome_1,0.2631578947368421
"momed_1, daded_1",0.7051597051597052
"momrelig_1, dadrelig_1",0.7394540942928041
