Category,F1 Score
gender_1,0.7867132867132867
ethnicity_1,0.8776223776223776
fbprivacy_1,0.8117647058823529
gaymarriage_6,0.7083333333333333
engnative_1,0.7616807268007787
pincome_1,0.37777777777777777
"momed_1, daded_1",0.7777777777777777
"momrelig_1, dadrelig_1",0.7973531844499586
