Category,F1 Score
gender_1,0.6523744911804613
ethnicity_1,0.6428571428571428
fbprivacy_1,0.5
gaymarriage_6,0.5675057208237986
engnative_1,0.6205114957375355
pincome_1,0.6347826086956522
"momed_1, daded_1",0.6190476190476191
"momrelig_1, dadrelig_1",0.6546052631578947
