Category,F1 Score
gender_1,0.6432748538011696
ethnicity_1,0.46969696969696967
fbprivacy_1,0.6190476190476191
gaymarriage_6,0.5961538461538461
engnative_1,0.71579476861167
pincome_1,0.9181286549707601
"momed_1, daded_1",0.4857142857142857
"momrelig_1, dadrelig_1",0.6195652173913043
