Category,F1 Score
gender_1,0.6163522012578616
ethnicity_1,0.5138888888888888
fbprivacy_1,0.6
gaymarriage_6,0.5333333333333333
engnative_1,0.65475910693302
pincome_1,0.625668449197861
"momed_1, daded_1",0.8693284936479129
"momrelig_1, dadrelig_1",0.5512820512820513
