Category,F1 Score
gender_1,0.6830735575608422
ethnicity_1,0.6499999999999999
fbprivacy_1,0.5
gaymarriage_6,0.5675057208237986
engnative_1,0.6363482384823849
pincome_1,0.6347826086956522
"momed_1, daded_1",0.6243478260869566
"momrelig_1, dadrelig_1",0.7140522875816994
