Category,F1 Score
gender_1,0.5788456227561447
ethnicity_1,0.5138888888888888
fbprivacy_1,0.6
gaymarriage_6,0.4951923076923077
engnative_1,0.6459899749373434
pincome_1,0.7754010695187166
"momed_1, daded_1",0.8222222222222222
"momrelig_1, dadrelig_1",0.5512820512820513
