Category,F1 Score
gender_1,0.6887755102040816
ethnicity_1,0.5138888888888888
fbprivacy_1,0.746031746031746
gaymarriage_6,0.5333333333333333
engnative_1,0.7537697202126732
pincome_1,0.9181286549707601
"momed_1, daded_1",0.5901328273244781
"momrelig_1, dadrelig_1",0.5800000000000001
