Category,F1 Score
gender_1,0.7396341463414634
ethnicity_1,0.7733580018501387
fbprivacy_1,0.8117647058823529
gaymarriage_6,0.5714285714285714
engnative_1,0.7022397891963109
pincome_1,0.2631578947368421
"momed_1, daded_1",0.7051597051597052
"momrelig_1, dadrelig_1",0.7023809523809523
