Category,F1 Score
gender_1,0.5775368864799759
ethnicity_1,0.5833333333333333
fbprivacy_1,0.6862745098039216
gaymarriage_6,0.5961538461538461
engnative_1,0.6426312460468058
pincome_1,0.5625
"momed_1, daded_1",0.5833333333333334
"momrelig_1, dadrelig_1",0.5790934320074006
