Category,F1 Score
gender_1,0.5408602150537634
ethnicity_1,0.7083333333333333
fbprivacy_1,0.875
gaymarriage_6,0.6541176470588235
engnative_1,0.6216517857142857
pincome_1,0.7142857142857143
"momed_1, daded_1",0.5343915343915344
"momrelig_1, dadrelig_1",0.5142857142857142
