Category,F1 Score
gender_1,0.6462303231151616
ethnicity_1,0.5584524810765349
fbprivacy_1,0.5428571428571429
gaymarriage_6,0.5138888888888888
engnative_1,0.6308167770419426
pincome_1,0.6347826086956522
"momed_1, daded_1",0.5804195804195804
"momrelig_1, dadrelig_1",0.7140522875816994
