Category,F1 Score
gender_1,0.5245901639344263
ethnicity_1,0.735071488645921
fbprivacy_1,0.8117647058823529
gaymarriage_6,0.5961538461538461
engnative_1,0.633029702970297
pincome_1,0.641025641025641
"momed_1, daded_1",0.6190476190476191
"momrelig_1, dadrelig_1",0.5996732026143792
