Category,F1 Score
gender_1,0.5408602150537634
ethnicity_1,0.735071488645921
fbprivacy_1,0.875
gaymarriage_6,0.5961538461538461
engnative_1,0.6135369442456057
pincome_1,0.641025641025641
"momed_1, daded_1",0.5714285714285714
"momrelig_1, dadrelig_1",0.5714285714285714
