Category,F1 Score
gender_1,0.6369047619047619
ethnicity_1,0.6022727272727273
fbprivacy_1,0.625
gaymarriage_6,0.6971153846153846
engnative_1,0.6615699873896594
pincome_1,0.641025641025641
"momed_1, daded_1",0.5408695652173914
"momrelig_1, dadrelig_1",0.6438482886216466
