Category,F1 Score
gender_1,0.7711399711399711
ethnicity_1,0.788975021533161
fbprivacy_1,0.873015873015873
gaymarriage_6,0.6181818181818182
engnative_1,0.739459815546772
pincome_1,0.37777777777777777
"momed_1, daded_1",0.5818815331010453
"momrelig_1, dadrelig_1",0.7666666666666666
