Category,F1 Score
gender_1,0.6854816824966079
ethnicity_1,0.6759259259259259
fbprivacy_1,0.746031746031746
gaymarriage_6,0.4642857142857143
engnative_1,0.6280564263322884
pincome_1,0.5906432748538011
"momed_1, daded_1",0.7883597883597884
"momrelig_1, dadrelig_1",0.6258503401360545
