Category,F1 Score
gender_1,0.6655122655122655
ethnicity_1,0.6940559440559441
fbprivacy_1,0.6862745098039216
gaymarriage_6,0.8055555555555556
engnative_1,0.6615699873896594
pincome_1,0.5714285714285714
"momed_1, daded_1",0.6643356643356644
"momrelig_1, dadrelig_1",0.7286821705426356
