Category,F1 Score
gender_1,0.7511655011655012
ethnicity_1,0.7822222222222222
fbprivacy_1,0.8056680161943319
gaymarriage_6,0.6181818181818182
engnative_1,0.7312392356269991
pincome_1,0.37777777777777777
"momed_1, daded_1",0.7491289198606272
"momrelig_1, dadrelig_1",0.7619047619047619
