Category,F1 Score
gender_1,0.6720430107526881
ethnicity_1,0.6846846846846847
fbprivacy_1,0.8117647058823529
gaymarriage_6,0.7529411764705882
engnative_1,0.672463768115942
pincome_1,0.7754010695187166
"momed_1, daded_1",0.7078260869565217
"momrelig_1, dadrelig_1",0.6499999999999999
