Category,F1 Score
gender_1,0.7511655011655012
ethnicity_1,0.7552447552447552
fbprivacy_1,0.873015873015873
gaymarriage_6,0.6181818181818182
engnative_1,0.7312392356269991
pincome_1,0.37777777777777777
"momed_1, daded_1",0.5818815331010453
"momrelig_1, dadrelig_1",0.735071488645921
