Category,F1 Score
gender_1,0.6557377049180327
ethnicity_1,0.7394540942928041
fbprivacy_1,0.7681159420289855
gaymarriage_6,0.5714285714285714
engnative_1,0.6277997364953887
pincome_1,0.6888888888888889
"momed_1, daded_1",0.7428571428571429
"momrelig_1, dadrelig_1",0.6846846846846847
