Category,F1 Score
gender_1,0.6523744911804613
ethnicity_1,0.5535714285714286
fbprivacy_1,0.6761133603238867
gaymarriage_6,0.5961538461538461
engnative_1,0.6630571249215317
pincome_1,0.6888888888888889
"momed_1, daded_1",0.8222222222222222
"momrelig_1, dadrelig_1",0.5304437564499485
