Category,F1 Score
gender_1,0.714572192513369
ethnicity_1,0.5561594202898551
fbprivacy_1,0.6
gaymarriage_6,0.7083333333333333
engnative_1,0.7372771893567553
pincome_1,0.8444444444444444
"momed_1, daded_1",0.6571428571428571
"momrelig_1, dadrelig_1",0.5561594202898551
