Category,F1 Score
gender_1,0.66991341991342
ethnicity_1,0.6181818181818182
fbprivacy_1,0.6761133603238867
gaymarriage_6,0.5961538461538461
engnative_1,0.64576802507837
pincome_1,0.7543859649122806
"momed_1, daded_1",0.8693284936479129
"momrelig_1, dadrelig_1",0.5512820512820513
