Category,F1 Score
gender_1,0.6177944862155388
ethnicity_1,0.6438482886216466
fbprivacy_1,0.75
gaymarriage_6,0.7083333333333333
engnative_1,0.6521430262846317
pincome_1,0.5714285714285714
"momed_1, daded_1",0.5408695652173914
"momrelig_1, dadrelig_1",0.6438482886216466
