Category,F1 Score
gender_1,0.655367231638418
ethnicity_1,0.712171052631579
fbprivacy_1,0.8117647058823529
gaymarriage_6,0.6971153846153846
engnative_1,0.6813909774436091
pincome_1,0.8444444444444444
"momed_1, daded_1",0.75
"momrelig_1, dadrelig_1",0.6546052631578947
